{"mean": [7.043000221252441, 597.4137573242188, 1211.0574951171875], "std": [3.9241793155670166, 351.1240539550781, 742.482666015625]}